clientCode,clientName,subClientCode,subClientName
BCBSKS,Blue Cross Blue Shield of Kansas,COMM,Commercial Division
BCBSKS,Blue Cross Blue Shield of Kansas,MA,Medicare Advantage Division
FALLON,Fallon Health Plan,COMM,Commercial Division
FALLON,Fallon Health Plan,MA,Medicare Advantage Division
PREMERA,Premera Blue Cross,COMM,Commercial Plan Division
PREMERA,Premera Blue Cross,MA,Medicare Advantage Division
CLOVER,Clover Health,MA,Medicare Advantage Division
WAHP,Washington Advantage Health Plan,COMM,Commercial Division
VBA,Vision Benefits of America,VISION,Vision Specialty Division
NBND,New Business New Direction,COMM,Commercial Division
